0.000000000000000000e+00,5.000000000000000000e-01,0.000000000000000000e+00,4.900000000000000355e+00
2.000000000000000042e-02,5.000000000000000000e-01,0.000000000000000000e+00,4.900000000000000355e+00
4.000000000000000083e-02,5.000000000000000000e-01,1.600000000000000033e-01,4.900000000000000355e+00
5.999999999999999778e-02,5.000000000000000000e-01,6.500000000000000222e-01,4.900000000000000355e+00
8.000000000000000167e-02,5.000000000000000000e-01,9.100000000000000311e-01,4.900000000000000355e+00
1.000000000000000056e-01,5.000000000000000000e-01,1.030000000000000027e+00,4.900000000000000355e+00
1.200000000000000094e-01,5.000000000000000000e-01,1.199999999999999956e+00,4.900000000000000355e+00
1.400000000000000133e-01,5.000000000000000000e-01,1.300000000000000044e+00,4.900000000000000355e+00
1.600000000000000033e-01,5.000000000000000000e-01,1.449999999999999956e+00,4.900000000000000355e+00
1.799999999999999933e-01,5.000000000000000000e-01,1.429999999999999938e+00,4.900000000000000355e+00
1.999999999999999833e-01,5.000000000000000000e-01,1.489999999999999991e+00,4.900000000000000355e+00
2.199999999999999734e-01,5.000000000000000000e-01,1.610000000000000098e+00,4.900000000000000355e+00
2.399999999999999634e-01,5.000000000000000000e-01,1.620000000000000107e+00,4.900000000000000355e+00
2.599999999999999534e-01,5.000000000000000000e-01,1.699999999999999956e+00,4.900000000000000355e+00
2.799999999999999711e-01,5.000000000000000000e-01,1.719999999999999973e+00,4.900000000000000355e+00
2.999999999999999889e-01,5.000000000000000000e-01,1.659999999999999920e+00,4.900000000000000355e+00
3.200000000000000067e-01,5.000000000000000000e-01,1.709999999999999964e+00,4.900000000000000355e+00
3.400000000000000244e-01,5.000000000000000000e-01,1.689999999999999947e+00,4.900000000000000355e+00
3.600000000000000422e-01,5.000000000000000000e-01,1.649999999999999911e+00,4.900000000000000355e+00
3.800000000000000600e-01,5.000000000000000000e-01,1.699999999999999956e+00,4.900000000000000355e+00
4.000000000000000777e-01,5.000000000000000000e-01,1.689999999999999947e+00,4.900000000000000355e+00
4.200000000000000955e-01,5.000000000000000000e-01,1.699999999999999956e+00,4.900000000000000355e+00
4.400000000000001132e-01,5.000000000000000000e-01,1.810000000000000053e+00,4.900000000000000355e+00
4.600000000000001310e-01,5.000000000000000000e-01,1.709999999999999964e+00,4.900000000000000355e+00
4.800000000000001488e-01,5.000000000000000000e-01,1.739999999999999991e+00,4.900000000000000355e+00
5.000000000000001110e-01,5.000000000000000000e-01,1.719999999999999973e+00,4.900000000000000355e+00
5.200000000000001288e-01,5.000000000000000000e-01,1.750000000000000000e+00,4.900000000000000355e+00
5.400000000000001465e-01,5.000000000000000000e-01,1.800000000000000044e+00,4.900000000000000355e+00
5.600000000000001643e-01,5.000000000000000000e-01,1.750000000000000000e+00,4.900000000000000355e+00
5.800000000000001821e-01,5.000000000000000000e-01,1.739999999999999991e+00,4.900000000000000355e+00
6.000000000000001998e-01,5.000000000000000000e-01,1.739999999999999991e+00,4.900000000000000355e+00
6.200000000000002176e-01,5.000000000000000000e-01,1.699999999999999956e+00,4.900000000000000355e+00
6.400000000000002354e-01,5.000000000000000000e-01,1.709999999999999964e+00,4.900000000000000355e+00
6.600000000000002531e-01,5.000000000000000000e-01,1.679999999999999938e+00,4.900000000000000355e+00
6.800000000000002709e-01,5.000000000000000000e-01,1.669999999999999929e+00,4.900000000000000355e+00
7.000000000000002887e-01,5.000000000000000000e-01,1.729999999999999982e+00,4.900000000000000355e+00
7.200000000000003064e-01,5.000000000000000000e-01,1.699999999999999956e+00,4.900000000000000355e+00
7.400000000000003242e-01,5.000000000000000000e-01,1.739999999999999991e+00,4.900000000000000355e+00
7.600000000000003419e-01,5.000000000000000000e-01,1.729999999999999982e+00,4.900000000000000355e+00
7.800000000000003597e-01,5.000000000000000000e-01,1.679999999999999938e+00,4.900000000000000355e+00
8.000000000000003775e-01,5.000000000000000000e-01,1.739999999999999991e+00,4.900000000000000355e+00
8.200000000000003952e-01,5.000000000000000000e-01,1.689999999999999947e+00,4.900000000000000355e+00
8.400000000000004130e-01,5.000000000000000000e-01,1.610000000000000098e+00,4.900000000000000355e+00
8.600000000000004308e-01,5.000000000000000000e-01,1.669999999999999929e+00,4.900000000000000355e+00
8.800000000000004485e-01,5.000000000000000000e-01,1.699999999999999956e+00,4.900000000000000355e+00
9.000000000000004663e-01,5.000000000000000000e-01,1.649999999999999911e+00,4.900000000000000355e+00
9.200000000000004841e-01,5.000000000000000000e-01,1.679999999999999938e+00,4.900000000000000355e+00
9.400000000000005018e-01,5.000000000000000000e-01,1.679999999999999938e+00,4.900000000000000355e+00
9.600000000000005196e-01,5.000000000000000000e-01,1.649999999999999911e+00,4.900000000000000355e+00
9.800000000000005373e-01,5.000000000000000000e-01,1.639999999999999902e+00,4.900000000000000355e+00
1.000000000000000444e+00,-5.000000000000000000e-01,1.679999999999999938e+00,4.607199999999999740e+00
1.020000000000000462e+00,-5.000000000000000000e-01,1.669999999999999929e+00,4.851700000000000124e+00
1.040000000000000480e+00,-5.000000000000000000e-01,1.629999999999999893e+00,5.118700000000000472e+00
1.060000000000000497e+00,-5.000000000000000000e-01,1.610000000000000098e+00,5.379099999999999326e+00
1.080000000000000515e+00,-5.000000000000000000e-01,1.610000000000000098e+00,5.629299999999999748e+00
1.100000000000000533e+00,-5.000000000000000000e-01,1.919999999999999929e+00,5.665599999999999525e+00
1.120000000000000551e+00,-5.000000000000000000e-01,2.060000000000000053e+00,5.763399999999999856e+00
1.140000000000000568e+00,-5.000000000000000000e-01,2.180000000000000160e+00,5.849799999999999223e+00
1.160000000000000586e+00,-5.000000000000000000e-01,2.370000000000000107e+00,5.866299999999998960e+00
1.180000000000000604e+00,-5.000000000000000000e-01,2.609999999999999876e+00,5.814099999999999824e+00
1.200000000000000622e+00,-5.000000000000000000e-01,2.810000000000000053e+00,5.746299999999999741e+00
1.220000000000000639e+00,-5.000000000000000000e-01,2.879999999999999893e+00,5.732199999999999740e+00
1.240000000000000657e+00,-5.000000000000000000e-01,2.910000000000000142e+00,5.733099999999999419e+00
1.260000000000000675e+00,-5.000000000000000000e-01,2.899999999999999911e+00,5.756199999999999761e+00
1.280000000000000693e+00,-5.000000000000000000e-01,2.939999999999999947e+00,5.746599999999999042e+00
1.300000000000000711e+00,-5.000000000000000000e-01,2.939999999999999947e+00,5.757399999999999629e+00
1.320000000000000728e+00,-5.000000000000000000e-01,2.939999999999999947e+00,5.768199999999999328e+00
1.340000000000000746e+00,-5.000000000000000000e-01,3.009999999999999787e+00,5.730699999999998795e+00
1.360000000000000764e+00,-5.000000000000000000e-01,2.970000000000000195e+00,5.756499999999999062e+00
1.380000000000000782e+00,-5.000000000000000000e-01,3.020000000000000018e+00,5.727399999999999380e+00
1.400000000000000799e+00,-5.000000000000000000e-01,2.970000000000000195e+00,5.758299999999998420e+00
1.420000000000000817e+00,-5.000000000000000000e-01,2.990000000000000213e+00,5.749899999999998457e+00
1.440000000000000835e+00,-5.000000000000000000e-01,2.930000000000000160e+00,5.793099999999999028e+00
1.460000000000000853e+00,-5.000000000000000000e-01,3.020000000000000018e+00,5.743599999999998929e+00
1.480000000000000870e+00,-5.000000000000000000e-01,2.979999999999999982e+00,5.767599999999998950e+00
1.500000000000000888e+00,-5.000000000000000000e-01,3.009999999999999787e+00,5.750499999999998835e+00
1.520000000000000906e+00,-5.000000000000000000e-01,3.009999999999999787e+00,5.748699999999999477e+00
1.540000000000000924e+00,-5.000000000000000000e-01,3.040000000000000036e+00,5.726199999999998624e+00
1.560000000000000941e+00,-5.000000000000000000e-01,2.990000000000000213e+00,5.753499999999998948e+00
1.580000000000000959e+00,-5.000000000000000000e-01,2.990000000000000213e+00,5.755299999999998306e+00
1.600000000000000977e+00,-5.000000000000000000e-01,2.990000000000000213e+00,5.757099999999998552e+00
1.620000000000000995e+00,-5.000000000000000000e-01,3.020000000000000018e+00,5.738199999999999079e+00
1.640000000000001013e+00,-5.000000000000000000e-01,2.970000000000000195e+00,5.769099999999999007e+00
1.660000000000001030e+00,-5.000000000000000000e-01,2.990000000000000213e+00,5.760699999999999044e+00
1.680000000000001048e+00,-5.000000000000000000e-01,3.029999999999999805e+00,5.734899999999998776e+00
1.700000000000001066e+00,-5.000000000000000000e-01,3.020000000000000018e+00,5.736399999999998833e+00
1.720000000000001084e+00,-5.000000000000000000e-01,2.970000000000000195e+00,5.767299999999998761e+00
1.740000000000001101e+00,-5.000000000000000000e-01,2.979999999999999982e+00,5.765799999999998704e+00
1.760000000000001119e+00,-5.000000000000000000e-01,2.970000000000000195e+00,5.776299999999999102e+00
1.780000000000001137e+00,-5.000000000000000000e-01,2.979999999999999982e+00,5.774799999999999045e+00
1.800000000000001155e+00,-5.000000000000000000e-01,2.990000000000000213e+00,5.771499999999998742e+00
1.820000000000001172e+00,-5.000000000000000000e-01,3.049999999999999822e+00,5.731899999999998663e+00
1.840000000000001190e+00,-5.000000000000000000e-01,2.990000000000000213e+00,5.764299999999998647e+00
1.860000000000001208e+00,-5.000000000000000000e-01,3.040000000000000036e+00,5.731599999999998474e+00
1.880000000000001226e+00,-5.000000000000000000e-01,3.000000000000000000e+00,5.751999999999998892e+00
1.900000000000001243e+00,-5.000000000000000000e-01,2.979999999999999982e+00,5.765799999999998704e+00
1.920000000000001261e+00,-5.000000000000000000e-01,3.020000000000000018e+00,5.741799999999998683e+00
1.940000000000001279e+00,-5.000000000000000000e-01,3.020000000000000018e+00,5.738199999999999079e+00
1.960000000000001297e+00,-5.000000000000000000e-01,3.000000000000000000e+00,5.748399999999998400e+00
1.980000000000001315e+00,-5.000000000000000000e-01,3.049999999999999822e+00,5.713899999999998869e+00
2.000000000000001332e+00,5.000000000000000000e-01,2.990000000000000213e+00,6.436299999999998356e+00
2.020000000000001350e+00,5.000000000000000000e-01,3.000000000000000000e+00,6.611199999999998411e+00
2.040000000000001368e+00,5.000000000000000000e-01,3.140000000000000124e+00,6.694599999999998552e+00
2.060000000000001386e+00,5.000000000000000000e-01,3.259999999999999787e+00,6.766599999999998616e+00
2.080000000000001403e+00,5.000000000000000000e-01,3.439999999999999947e+00,6.775599999999998957e+00
2.100000000000001421e+00,5.000000000000000000e-01,3.680000000000000160e+00,6.710799999999998988e+00
2.120000000000001439e+00,5.000000000000000000e-01,3.740000000000000213e+00,6.726999999999998536e+00
2.140000000000001457e+00,5.000000000000000000e-01,3.839999999999999858e+00,6.704799999999998761e+00
2.160000000000001474e+00,5.000000000000000000e-01,3.830000000000000071e+00,6.740499999999998160e+00
2.180000000000001492e+00,5.000000000000000000e-01,3.899999999999999911e+00,6.722799999999998555e+00
2.200000000000001510e+00,5.000000000000000000e-01,3.930000000000000160e+00,6.720099999999998630e+00
2.220000000000001528e+00,5.000000000000000000e-01,3.970000000000000195e+00,6.705099999999998062e+00
2.240000000000001545e+00,5.000000000000000000e-01,3.959999999999999964e+00,6.717399999999998705e+00
2.260000000000001563e+00,5.000000000000000000e-01,3.899999999999999911e+00,6.765999999999998238e+00
2.280000000000001581e+00,5.000000000000000000e-01,3.899999999999999911e+00,6.783999999999998920e+00
2.300000000000001599e+00,5.000000000000000000e-01,3.959999999999999964e+00,6.760599999999998388e+00
2.320000000000001616e+00,5.000000000000000000e-01,4.000000000000000000e+00,6.740199999999997971e+00
2.340000000000001634e+00,5.000000000000000000e-01,3.979999999999999982e+00,6.753999999999998671e+00
2.360000000000001652e+00,5.000000000000000000e-01,3.979999999999999982e+00,6.757599999999998275e+00
2.380000000000001670e+00,5.000000000000000000e-01,3.950000000000000178e+00,6.781899999999998485e+00
2.400000000000001688e+00,5.000000000000000000e-01,4.009999999999999787e+00,6.749499999999998501e+00
2.420000000000001705e+00,5.000000000000000000e-01,3.959999999999999964e+00,6.782199999999998674e+00
2.440000000000001723e+00,5.000000000000000000e-01,3.950000000000000178e+00,6.796299999999998676e+00
2.460000000000001741e+00,5.000000000000000000e-01,4.030000000000000249e+00,6.750099999999998879e+00
2.480000000000001759e+00,5.000000000000000000e-01,3.970000000000000195e+00,6.786099999999998467e+00
2.500000000000001776e+00,5.000000000000000000e-01,4.009999999999999787e+00,6.763899999999998691e+00
2.520000000000001794e+00,5.000000000000000000e-01,4.019999999999999574e+00,6.755199999999998539e+00
2.540000000000001812e+00,5.000000000000000000e-01,3.959999999999999964e+00,6.792999999999999261e+00
2.560000000000001830e+00,5.000000000000000000e-01,3.970000000000000195e+00,6.793299999999998562e+00
2.580000000000001847e+00,5.000000000000000000e-01,4.040000000000000036e+00,6.750399999999999068e+00
2.600000000000001865e+00,5.000000000000000000e-01,4.009999999999999787e+00,6.763899999999998691e+00
2.620000000000001883e+00,5.000000000000000000e-01,3.970000000000000195e+00,6.789699999999998958e+00
2.640000000000001901e+00,5.000000000000000000e-01,3.979999999999999982e+00,6.788199999999998902e+00
2.660000000000001918e+00,5.000000000000000000e-01,4.040000000000000036e+00,6.750399999999999068e+00
2.680000000000001936e+00,5.000000000000000000e-01,3.970000000000000195e+00,6.791499999999999204e+00
2.700000000000001954e+00,5.000000000000000000e-01,4.009999999999999787e+00,6.769299999999999429e+00
2.720000000000001972e+00,5.000000000000000000e-01,3.990000000000000213e+00,6.781299999999998995e+00
2.740000000000001990e+00,5.000000000000000000e-01,3.959999999999999964e+00,6.803799999999998960e+00
2.760000000000002007e+00,5.000000000000000000e-01,4.000000000000000000e+00,6.783399999999998542e+00
2.780000000000002025e+00,5.000000000000000000e-01,3.979999999999999982e+00,6.797199999999999243e+00
2.800000000000002043e+00,5.000000000000000000e-01,4.030000000000000249e+00,6.766299999999999315e+00
2.820000000000002061e+00,5.000000000000000000e-01,3.970000000000000195e+00,6.802299999999998903e+00
2.840000000000002078e+00,5.000000000000000000e-01,3.979999999999999982e+00,6.800799999999998846e+00
2.860000000000002096e+00,5.000000000000000000e-01,3.990000000000000213e+00,6.797499999999999432e+00
2.880000000000002114e+00,5.000000000000000000e-01,3.950000000000000178e+00,6.826899999999999302e+00
2.900000000000002132e+00,5.000000000000000000e-01,4.040000000000000036e+00,6.773799999999999599e+00
2.920000000000002149e+00,5.000000000000000000e-01,3.959999999999999964e+00,6.821799999999999642e+00
2.940000000000002167e+00,5.000000000000000000e-01,4.030000000000000249e+00,6.780699999999999505e+00
2.960000000000002185e+00,5.000000000000000000e-01,3.970000000000000195e+00,6.816699999999999093e+00
2.980000000000002203e+00,5.000000000000000000e-01,4.049999999999999822e+00,6.766899999999999693e+00
3.000000000000002220e+00,-5.000000000000000000e-01,3.950000000000000178e+00,6.136899999999998911e+00
3.020000000000002238e+00,-5.000000000000000000e-01,4.040000000000000036e+00,5.903799999999999493e+00
3.040000000000002256e+00,-5.000000000000000000e-01,3.910000000000000142e+00,5.806299999999999351e+00
3.060000000000002274e+00,-5.000000000000000000e-01,3.819999999999999840e+00,5.704599999999999227e+00
3.080000000000002292e+00,-5.000000000000000000e-01,3.649999999999999911e+00,5.674299999999999677e+00
3.100000000000002309e+00,-5.000000000000000000e-01,3.529999999999999805e+00,5.640099999999999447e+00
3.120000000000002327e+00,-5.000000000000000000e-01,3.379999999999999893e+00,5.648199999999999221e+00
3.140000000000002345e+00,-5.000000000000000000e-01,3.229999999999999982e+00,5.683299999999999130e+00
3.160000000000002363e+00,-5.000000000000000000e-01,3.160000000000000142e+00,5.690199999999999037e+00
3.180000000000002380e+00,-5.000000000000000000e-01,3.149999999999999911e+00,5.668299999999999450e+00
3.200000000000002398e+00,-5.000000000000000000e-01,3.049999999999999822e+00,5.710300000000000153e+00
3.220000000000002416e+00,-5.000000000000000000e-01,3.009999999999999787e+00,5.728899999999999437e+00
3.240000000000002434e+00,-5.000000000000000000e-01,3.040000000000000036e+00,5.706399999999999473e+00
3.260000000000002451e+00,-5.000000000000000000e-01,3.040000000000000036e+00,5.699199999999999378e+00
3.280000000000002469e+00,-5.000000000000000000e-01,2.910000000000000142e+00,5.781699999999998951e+00
3.300000000000002487e+00,-5.000000000000000000e-01,2.970000000000000195e+00,5.756499999999999062e+00
3.320000000000002505e+00,-5.000000000000000000e-01,3.000000000000000000e+00,5.741199999999999193e+00
3.340000000000002522e+00,-5.000000000000000000e-01,3.000000000000000000e+00,5.741199999999999193e+00
3.360000000000002540e+00,-5.000000000000000000e-01,2.959999999999999964e+00,5.768799999999999706e+00
3.380000000000002558e+00,-5.000000000000000000e-01,2.970000000000000195e+00,5.769099999999999007e+00
3.400000000000002576e+00,-5.000000000000000000e-01,3.029999999999999805e+00,5.733099999999999419e+00
3.420000000000002593e+00,-5.000000000000000000e-01,2.950000000000000178e+00,5.782899999999999707e+00
3.440000000000002611e+00,-5.000000000000000000e-01,2.979999999999999982e+00,5.771199999999999442e+00
3.460000000000002629e+00,-5.000000000000000000e-01,3.009999999999999787e+00,5.754099999999999326e+00
3.480000000000002647e+00,-5.000000000000000000e-01,2.930000000000000160e+00,5.807499999999999218e+00
3.500000000000002665e+00,-5.000000000000000000e-01,3.020000000000000018e+00,5.757999999999999119e+00
3.520000000000002682e+00,-5.000000000000000000e-01,3.040000000000000036e+00,5.740599999999998815e+00
3.540000000000002700e+00,-5.000000000000000000e-01,2.950000000000000178e+00,5.795499999999998764e+00
3.560000000000002718e+00,-5.000000000000000000e-01,2.970000000000000195e+00,5.790699999999999292e+00
3.580000000000002736e+00,-5.000000000000000000e-01,3.029999999999999805e+00,5.754699999999999704e+00
3.600000000000002753e+00,-5.000000000000000000e-01,2.950000000000000178e+00,5.804499999999999105e+00
3.620000000000002771e+00,-5.000000000000000000e-01,3.020000000000000018e+00,5.765199999999999214e+00
3.640000000000002789e+00,-5.000000000000000000e-01,3.009999999999999787e+00,5.768499999999999517e+00
3.660000000000002807e+00,-5.000000000000000000e-01,3.029999999999999805e+00,5.752899999999999459e+00
3.680000000000002824e+00,-5.000000000000000000e-01,3.040000000000000036e+00,5.740599999999998815e+00
3.700000000000002842e+00,-5.000000000000000000e-01,3.009999999999999787e+00,5.754099999999999326e+00
3.720000000000002860e+00,-5.000000000000000000e-01,3.009999999999999787e+00,5.752299999999999081e+00
3.740000000000002878e+00,-5.000000000000000000e-01,2.990000000000000213e+00,5.764299999999998647e+00
3.760000000000002895e+00,-5.000000000000000000e-01,2.910000000000000142e+00,5.821299999999999031e+00
3.780000000000002913e+00,-5.000000000000000000e-01,2.939999999999999947e+00,5.816799999999998860e+00
3.800000000000002931e+00,-5.000000000000000000e-01,3.009999999999999787e+00,5.779299999999999216e+00
3.820000000000002949e+00,-5.000000000000000000e-01,2.959999999999999964e+00,5.811999999999999389e+00
3.840000000000002967e+00,-5.000000000000000000e-01,2.990000000000000213e+00,5.798499999999998877e+00
3.860000000000002984e+00,-5.000000000000000000e-01,3.000000000000000000e+00,5.793399999999999217e+00
3.880000000000003002e+00,-5.000000000000000000e-01,3.000000000000000000e+00,5.793399999999999217e+00
3.900000000000003020e+00,-5.000000000000000000e-01,3.020000000000000018e+00,5.779599999999999405e+00
3.920000000000003038e+00,-5.000000000000000000e-01,3.040000000000000036e+00,5.762199999999999100e+00
3.940000000000003055e+00,-5.000000000000000000e-01,3.000000000000000000e+00,5.782599999999998630e+00
3.960000000000003073e+00,-5.000000000000000000e-01,3.049999999999999822e+00,5.748099999999999099e+00
3.980000000000003091e+00,-5.000000000000000000e-01,3.029999999999999805e+00,5.752899999999999459e+00
4.000000000000002665e+00,5.000000000000000000e-01,2.979999999999999982e+00,6.471999999999999531e+00
4.020000000000002238e+00,5.000000000000000000e-01,3.020000000000000018e+00,6.627999999999999226e+00
4.040000000000001812e+00,5.000000000000000000e-01,3.120000000000000107e+00,6.735399999999998499e+00
4.060000000000001386e+00,5.000000000000000000e-01,3.310000000000000053e+00,6.762699999999998823e+00
4.080000000000000959e+00,5.000000000000000000e-01,3.479999999999999982e+00,6.769599999999998730e+00
4.100000000000000533e+00,5.000000000000000000e-01,3.589999999999999858e+00,6.787299999999998334e+00
4.120000000000000107e+00,5.000000000000000000e-01,3.680000000000000160e+00,6.798999999999998600e+00
4.139999999999999680e+00,5.000000000000000000e-01,3.759999999999999787e+00,6.801399999999999224e+00
4.159999999999999254e+00,5.000000000000000000e-01,3.799999999999999822e+00,6.816999999999999282e+00
4.179999999999998828e+00,5.000000000000000000e-01,3.910000000000000142e+00,6.777099999999999014e+00
4.199999999999998401e+00,5.000000000000000000e-01,3.950000000000000178e+00,6.765699999999998937e+00
4.219999999999997975e+00,5.000000000000000000e-01,3.910000000000000142e+00,6.802299999999998903e+00
4.239999999999997549e+00,5.000000000000000000e-01,3.959999999999999964e+00,6.783999999999998920e+00
4.259999999999997122e+00,5.000000000000000000e-01,3.990000000000000213e+00,6.770499999999999297e+00
4.279999999999996696e+00,5.000000000000000000e-01,3.950000000000000178e+00,6.799899999999999167e+00
4.299999999999996270e+00,5.000000000000000000e-01,4.000000000000000000e+00,6.774399999999999089e+00
4.319999999999995843e+00,5.000000000000000000e-01,3.950000000000000178e+00,6.808899999999999508e+00
4.339999999999995417e+00,5.000000000000000000e-01,3.990000000000000213e+00,6.790299999999999336e+00
4.359999999999994991e+00,5.000000000000000000e-01,3.970000000000000195e+00,6.805899999999999395e+00
4.379999999999994564e+00,5.000000000000000000e-01,3.959999999999999964e+00,6.818199999999999150e+00
4.399999999999994138e+00,5.000000000000000000e-01,4.040000000000000036e+00,6.770199999999999108e+00
4.419999999999993712e+00,5.000000000000000000e-01,4.009999999999999787e+00,6.783699999999999619e+00
4.439999999999993285e+00,5.000000000000000000e-01,4.040000000000000036e+00,6.761199999999999655e+00
4.459999999999992859e+00,5.000000000000000000e-01,4.040000000000000036e+00,6.753999999999999559e+00
4.479999999999992433e+00,5.000000000000000000e-01,3.970000000000000195e+00,6.795099999999999696e+00
4.499999999999992006e+00,5.000000000000000000e-01,4.019999999999999574e+00,6.766000000000000014e+00
4.519999999999991580e+00,5.000000000000000000e-01,4.030000000000000249e+00,6.755499999999999616e+00
4.539999999999991154e+00,5.000000000000000000e-01,3.950000000000000178e+00,6.805299999999999017e+00
4.559999999999990727e+00,5.000000000000000000e-01,3.990000000000000213e+00,6.786699999999999733e+00
4.579999999999990301e+00,5.000000000000000000e-01,3.959999999999999964e+00,6.809199999999999697e+00
4.599999999999989875e+00,5.000000000000000000e-01,3.970000000000000195e+00,6.809499999999999886e+00
4.619999999999989448e+00,5.000000000000000000e-01,4.030000000000000249e+00,6.773499999999999410e+00
4.639999999999989022e+00,5.000000000000000000e-01,3.959999999999999964e+00,6.816399999999999793e+00
4.659999999999988596e+00,5.000000000000000000e-01,4.030000000000000249e+00,6.775299999999999656e+00
4.679999999999988169e+00,5.000000000000000000e-01,3.959999999999999964e+00,6.818199999999999150e+00
4.699999999999987743e+00,5.000000000000000000e-01,4.040000000000000036e+00,6.770199999999999108e+00
4.719999999999987317e+00,5.000000000000000000e-01,4.030000000000000249e+00,6.769899999999999807e+00
4.739999999999986890e+00,5.000000000000000000e-01,3.950000000000000178e+00,6.819699999999999207e+00
4.759999999999986464e+00,5.000000000000000000e-01,4.030000000000000249e+00,6.773499999999999410e+00
4.779999999999986038e+00,5.000000000000000000e-01,3.970000000000000195e+00,6.809499999999999886e+00
4.799999999999985612e+00,5.000000000000000000e-01,4.019999999999999574e+00,6.780400000000000205e+00
4.819999999999985185e+00,5.000000000000000000e-01,3.930000000000000160e+00,6.838899999999998869e+00
4.839999999999984759e+00,5.000000000000000000e-01,4.019999999999999574e+00,6.789399999999999658e+00
4.859999999999984333e+00,5.000000000000000000e-01,3.939999999999999947e+00,6.840999999999999304e+00
4.879999999999983906e+00,5.000000000000000000e-01,4.040000000000000036e+00,6.782799999999999940e+00
4.899999999999983480e+00,5.000000000000000000e-01,3.990000000000000213e+00,6.810099999999999376e+00
4.919999999999983054e+00,5.000000000000000000e-01,3.979999999999999982e+00,6.818799999999999528e+00
4.939999999999982627e+00,5.000000000000000000e-01,4.009999999999999787e+00,6.801699999999999413e+00
4.959999999999982201e+00,5.000000000000000000e-01,4.000000000000000000e+00,6.806799999999999073e+00
4.979999999999981775e+00,5.000000000000000000e-01,4.019999999999999574e+00,6.792999999999999261e+00
4.999999999999981348e+00,-5.000000000000000000e-01,4.009999999999999787e+00,6.106299999999999173e+00
5.019999999999980922e+00,-5.000000000000000000e-01,3.970000000000000195e+00,5.952099999999999724e+00
5.039999999999980496e+00,-5.000000000000000000e-01,3.819999999999999840e+00,5.880999999999999339e+00
5.059999999999980069e+00,-5.000000000000000000e-01,3.759999999999999787e+00,5.774799999999999933e+00
5.079999999999979643e+00,-5.000000000000000000e-01,3.680000000000000160e+00,5.693199999999999150e+00
5.099999999999979217e+00,-5.000000000000000000e-01,3.520000000000000018e+00,5.681199999999999584e+00
5.119999999999978790e+00,-5.000000000000000000e-01,3.299999999999999822e+00,5.739399999999999835e+00
5.139999999999978364e+00,-5.000000000000000000e-01,3.209999999999999964e+00,5.747499999999999609e+00
5.159999999999977938e+00,-5.000000000000000000e-01,3.180000000000000160e+00,5.730399999999999494e+00
5.179999999999977511e+00,-5.000000000000000000e-01,3.069999999999999840e+00,5.773899999999999366e+00
5.199999999999977085e+00,-5.000000000000000000e-01,3.029999999999999805e+00,5.788899999999999935e+00
5.219999999999976659e+00,-5.000000000000000000e-01,3.020000000000000018e+00,5.790399999999999991e+00
5.239999999999976232e+00,-5.000000000000000000e-01,3.040000000000000036e+00,5.772999999999999687e+00
5.259999999999975806e+00,-5.000000000000000000e-01,3.000000000000000000e+00,5.793399999999999217e+00
5.279999999999975380e+00,-5.000000000000000000e-01,3.009999999999999787e+00,5.786499999999999311e+00
5.299999999999974953e+00,-5.000000000000000000e-01,3.049999999999999822e+00,5.757099999999999440e+00
5.319999999999974527e+00,-5.000000000000000000e-01,3.000000000000000000e+00,5.782599999999999518e+00
5.339999999999974101e+00,-5.000000000000000000e-01,3.009999999999999787e+00,5.775699999999999612e+00
5.359999999999973674e+00,-5.000000000000000000e-01,3.009999999999999787e+00,5.773899999999999366e+00
5.379999999999973248e+00,-5.000000000000000000e-01,2.930000000000000160e+00,5.827299999999999258e+00
5.399999999999972822e+00,-5.000000000000000000e-01,2.970000000000000195e+00,5.812299999999998690e+00
5.419999999999972395e+00,-5.000000000000000000e-01,3.040000000000000036e+00,5.769399999999999196e+00
5.439999999999971969e+00,-5.000000000000000000e-01,3.029999999999999805e+00,5.769099999999999007e+00
5.459999999999971543e+00,-5.000000000000000000e-01,2.990000000000000213e+00,5.791299999999998782e+00
5.479999999999971116e+00,-5.000000000000000000e-01,2.979999999999999982e+00,5.799999999999998934e+00
5.499999999999970690e+00,-5.000000000000000000e-01,3.049999999999999822e+00,5.755299999999999194e+00
5.519999999999970264e+00,-5.000000000000000000e-01,3.000000000000000000e+00,5.780799999999999272e+00
5.539999999999969837e+00,-5.000000000000000000e-01,3.020000000000000018e+00,5.766999999999999460e+00
5.559999999999969411e+00,-5.000000000000000000e-01,3.009999999999999787e+00,5.770299999999998875e+00
5.579999999999968985e+00,-5.000000000000000000e-01,2.970000000000000195e+00,5.796099999999999142e+00
5.599999999999968558e+00,-5.000000000000000000e-01,2.979999999999999982e+00,5.794599999999999085e+00
5.619999999999968132e+00,-5.000000000000000000e-01,3.040000000000000036e+00,5.756799999999999251e+00
5.639999999999967706e+00,-5.000000000000000000e-01,2.970000000000000195e+00,5.797899999999998499e+00
5.659999999999967280e+00,-5.000000000000000000e-01,2.950000000000000178e+00,5.817099999999999049e+00
5.679999999999966853e+00,-5.000000000000000000e-01,2.990000000000000213e+00,5.798499999999998877e+00
5.699999999999966427e+00,-5.000000000000000000e-01,2.990000000000000213e+00,5.800299999999999123e+00
5.719999999999966001e+00,-5.000000000000000000e-01,3.020000000000000018e+00,5.781399999999998762e+00
5.739999999999965574e+00,-5.000000000000000000e-01,3.040000000000000036e+00,5.763999999999999346e+00
5.759999999999965148e+00,-5.000000000000000000e-01,3.020000000000000018e+00,5.770599999999999064e+00
5.779999999999964722e+00,-5.000000000000000000e-01,3.009999999999999787e+00,5.773899999999999366e+00
5.799999999999964295e+00,-5.000000000000000000e-01,3.009999999999999787e+00,5.772099999999999120e+00
5.819999999999963869e+00,-5.000000000000000000e-01,3.060000000000000053e+00,5.735799999999999343e+00
5.839999999999963443e+00,-5.000000000000000000e-01,3.009999999999999787e+00,5.759499999999999176e+00
5.859999999999963016e+00,-5.000000000000000000e-01,3.040000000000000036e+00,5.736999999999999211e+00
5.879999999999962590e+00,-5.000000000000000000e-01,3.029999999999999805e+00,5.736699999999999022e+00
5.899999999999962164e+00,-5.000000000000000000e-01,3.020000000000000018e+00,5.738199999999999079e+00
5.919999999999961737e+00,-5.000000000000000000e-01,2.970000000000000195e+00,5.769099999999999007e+00
5.939999999999961311e+00,-5.000000000000000000e-01,2.990000000000000213e+00,5.760699999999999044e+00
5.959999999999960885e+00,-5.000000000000000000e-01,2.979999999999999982e+00,5.769399999999999196e+00
5.979999999999960458e+00,-5.000000000000000000e-01,3.029999999999999805e+00,5.738499999999999268e+00
5.999999999999960032e+00,5.000000000000000000e-01,2.950000000000000178e+00,6.478299999999999059e+00
6.019999999999959606e+00,5.000000000000000000e-01,3.009999999999999787e+00,6.625899999999998791e+00
6.039999999999959179e+00,5.000000000000000000e-01,3.040000000000000036e+00,6.783399999999998542e+00
6.059999999999958753e+00,5.000000000000000000e-01,3.270000000000000018e+00,6.797499999999998543e+00
6.079999999999958327e+00,5.000000000000000000e-01,3.459999999999999964e+00,6.797799999999998732e+00
6.099999999999957900e+00,5.000000000000000000e-01,3.569999999999999840e+00,6.819099999999997941e+00
6.119999999999957474e+00,5.000000000000000000e-01,3.689999999999999947e+00,6.813699999999998091e+00
6.139999999999957048e+00,5.000000000000000000e-01,3.770000000000000018e+00,6.814299999999997581e+00
6.159999999999956621e+00,5.000000000000000000e-01,3.859999999999999876e+00,6.793599999999997863e+00
6.179999999999956195e+00,5.000000000000000000e-01,3.850000000000000089e+00,6.825699999999997658e+00
6.199999999999955769e+00,5.000000000000000000e-01,3.919999999999999929e+00,6.804399999999997561e+00
6.219999999999955342e+00,5.000000000000000000e-01,3.919999999999999929e+00,6.818799999999997752e+00
6.239999999999954916e+00,5.000000000000000000e-01,4.009999999999999787e+00,6.771099999999998786e+00
6.259999999999954490e+00,5.000000000000000000e-01,4.009999999999999787e+00,6.769299999999998541e+00
6.279999999999954063e+00,5.000000000000000000e-01,3.950000000000000178e+00,6.808899999999997732e+00
6.299999999999953637e+00,5.000000000000000000e-01,3.959999999999999964e+00,6.810999999999998167e+00
6.319999999999953211e+00,5.000000000000000000e-01,3.950000000000000178e+00,6.825099999999998168e+00
6.339999999999952784e+00,5.000000000000000000e-01,3.970000000000000195e+00,6.820299999999998697e+00
6.359999999999952358e+00,5.000000000000000000e-01,3.979999999999999982e+00,6.818799999999998640e+00
6.379999999999951932e+00,5.000000000000000000e-01,3.990000000000000213e+00,6.815499999999998337e+00
6.399999999999951505e+00,5.000000000000000000e-01,4.000000000000000000e+00,6.810399999999998677e+00
6.419999999999951079e+00,5.000000000000000000e-01,3.970000000000000195e+00,6.831099999999998396e+00
6.439999999999950653e+00,5.000000000000000000e-01,3.990000000000000213e+00,6.822699999999998433e+00
6.459999999999950226e+00,5.000000000000000000e-01,4.040000000000000036e+00,6.789999999999999147e+00
6.479999999999949800e+00,5.000000000000000000e-01,3.979999999999999982e+00,6.824199999999998489e+00
6.499999999999949374e+00,5.000000000000000000e-01,3.970000000000000195e+00,6.834699999999998887e+00
6.519999999999948948e+00,5.000000000000000000e-01,4.030000000000000249e+00,6.798699999999998411e+00
6.539999999999948521e+00,5.000000000000000000e-01,4.000000000000000000e+00,6.813999999999998280e+00
6.559999999999948095e+00,5.000000000000000000e-01,3.959999999999999964e+00,6.841599999999998793e+00
6.579999999999947669e+00,5.000000000000000000e-01,3.950000000000000178e+00,6.855699999999998795e+00
6.599999999999947242e+00,5.000000000000000000e-01,3.970000000000000195e+00,6.850899999999999324e+00
6.619999999999946816e+00,5.000000000000000000e-01,4.009999999999999787e+00,6.828699999999999548e+00
6.639999999999946390e+00,5.000000000000000000e-01,3.990000000000000213e+00,6.840699999999999115e+00
6.659999999999945963e+00,5.000000000000000000e-01,3.990000000000000213e+00,6.842499999999999361e+00
6.679999999999945537e+00,5.000000000000000000e-01,4.009999999999999787e+00,6.830499999999998906e+00
6.699999999999945111e+00,5.000000000000000000e-01,4.009999999999999787e+00,6.828699999999999548e+00
6.719999999999944684e+00,5.000000000000000000e-01,4.000000000000000000e+00,6.833799999999999208e+00
6.739999999999944258e+00,5.000000000000000000e-01,4.059999999999999609e+00,6.792399999999998883e+00
6.759999999999943832e+00,5.000000000000000000e-01,4.049999999999999822e+00,6.788499999999999091e+00
6.779999999999943405e+00,5.000000000000000000e-01,3.959999999999999964e+00,6.841599999999998793e+00
6.799999999999942979e+00,5.000000000000000000e-01,4.049999999999999822e+00,6.786699999999998845e+00
6.819999999999942553e+00,5.000000000000000000e-01,3.970000000000000195e+00,6.832899999999998641e+00
6.839999999999942126e+00,5.000000000000000000e-01,4.030000000000000249e+00,6.796899999999999054e+00
6.859999999999941700e+00,5.000000000000000000e-01,3.979999999999999982e+00,6.825999999999998735e+00
6.879999999999941274e+00,5.000000000000000000e-01,4.049999999999999822e+00,6.781299999999998995e+00
6.899999999999940847e+00,5.000000000000000000e-01,4.000000000000000000e+00,6.806799999999999073e+00
6.919999999999940421e+00,5.000000000000000000e-01,4.019999999999999574e+00,6.792999999999999261e+00
6.939999999999939995e+00,5.000000000000000000e-01,3.979999999999999982e+00,6.816999999999998394e+00
6.959999999999939568e+00,5.000000000000000000e-01,3.959999999999999964e+00,6.834399999999998698e+00
6.979999999999939142e+00,5.000000000000000000e-01,4.049999999999999822e+00,6.779499999999998749e+00
6.999999999999938716e+00,-5.000000000000000000e-01,4.009999999999999787e+00,6.108099999999998531e+00
7.019999999999938289e+00,-5.000000000000000000e-01,4.030000000000000249e+00,5.912499999999998757e+00
7.039999999999937863e+00,-5.000000000000000000e-01,3.839999999999999858e+00,5.858199999999999186e+00
7.059999999999937437e+00,-5.000000000000000000e-01,3.700000000000000178e+00,5.803599999999998538e+00
7.079999999999937010e+00,-5.000000000000000000e-01,3.629999999999999893e+00,5.725899999999999324e+00
7.099999999999936584e+00,-5.000000000000000000e-01,3.520000000000000018e+00,5.688399999999998791e+00
7.119999999999936158e+00,-5.000000000000000000e-01,3.379999999999999893e+00,5.691399999999998904e+00
7.139999999999935731e+00,-5.000000000000000000e-01,3.259999999999999787e+00,5.705799999999999095e+00
7.159999999999935305e+00,-5.000000000000000000e-01,3.259999999999999787e+00,5.658999999999998920e+00
7.179999999999934879e+00,-5.000000000000000000e-01,3.160000000000000142e+00,5.681199999999998695e+00
7.199999999999934452e+00,-5.000000000000000000e-01,3.049999999999999822e+00,5.728299999999999059e+00
7.219999999999934026e+00,-5.000000000000000000e-01,3.069999999999999840e+00,5.705499999999998906e+00
7.239999999999933600e+00,-5.000000000000000000e-01,3.040000000000000036e+00,5.713599999999998680e+00
7.259999999999933173e+00,-5.000000000000000000e-01,2.979999999999999982e+00,5.747799999999998910e+00
7.279999999999932747e+00,-5.000000000000000000e-01,2.950000000000000178e+00,5.772099999999998232e+00
7.299999999999932321e+00,-5.000000000000000000e-01,3.009999999999999787e+00,5.739699999999999136e+00
7.319999999999931894e+00,-5.000000000000000000e-01,2.939999999999999947e+00,5.786199999999999122e+00
7.339999999999931468e+00,-5.000000000000000000e-01,2.970000000000000195e+00,5.776299999999998214e+00
7.359999999999931042e+00,-5.000000000000000000e-01,2.979999999999999982e+00,5.774799999999999045e+00
7.379999999999930616e+00,-5.000000000000000000e-01,2.910000000000000142e+00,5.826699999999998880e+00
7.399999999999930189e+00,-5.000000000000000000e-01,2.950000000000000178e+00,5.815299999999998803e+00
7.419999999999929763e+00,-5.000000000000000000e-01,3.020000000000000018e+00,5.775999999999998913e+00
7.439999999999929337e+00,-5.000000000000000000e-01,3.000000000000000000e+00,5.786199999999999122e+00
7.459999999999928910e+00,-5.000000000000000000e-01,2.970000000000000195e+00,5.806899999999998840e+00
7.479999999999928484e+00,-5.000000000000000000e-01,3.029999999999999805e+00,5.770899999999999253e+00
7.499999999999928058e+00,-5.000000000000000000e-01,3.000000000000000000e+00,5.786199999999999122e+00
7.519999999999927631e+00,-5.000000000000000000e-01,2.990000000000000213e+00,5.793099999999999028e+00
7.539999999999927205e+00,-5.000000000000000000e-01,3.040000000000000036e+00,5.760399999999998855e+00
7.559999999999926779e+00,-5.000000000000000000e-01,3.000000000000000000e+00,5.780799999999998384e+00
7.579999999999926352e+00,-5.000000000000000000e-01,2.979999999999999982e+00,5.794599999999999085e+00
7.599999999999925926e+00,-5.000000000000000000e-01,2.970000000000000195e+00,5.805099999999998595e+00
7.619999999999925500e+00,-5.000000000000000000e-01,2.990000000000000213e+00,5.796699999999998631e+00
7.639999999999925073e+00,-5.000000000000000000e-01,3.029999999999999805e+00,5.770899999999999253e+00
7.659999999999924647e+00,-5.000000000000000000e-01,3.000000000000000000e+00,5.786199999999999122e+00
7.679999999999924221e+00,-5.000000000000000000e-01,2.930000000000000160e+00,5.834499999999998465e+00
7.699999999999923794e+00,-5.000000000000000000e-01,3.049999999999999822e+00,5.764299999999998647e+00
7.719999999999923368e+00,-5.000000000000000000e-01,2.970000000000000195e+00,5.810499999999998444e+00
7.739999999999922942e+00,-5.000000000000000000e-01,3.020000000000000018e+00,5.781399999999998762e+00
7.759999999999922515e+00,-5.000000000000000000e-01,2.990000000000000213e+00,5.798499999999998877e+00
7.779999999999922089e+00,-5.000000000000000000e-01,2.979999999999999982e+00,5.807199999999998141e+00
7.799999999999921663e+00,-5.000000000000000000e-01,3.009999999999999787e+00,5.790099999999998914e+00
7.819999999999921236e+00,-5.000000000000000000e-01,2.979999999999999982e+00,5.808999999999998387e+00
7.839999999999920810e+00,-5.000000000000000000e-01,3.009999999999999787e+00,5.791899999999998272e+00
7.859999999999920384e+00,-5.000000000000000000e-01,3.009999999999999787e+00,5.790099999999998914e+00
7.879999999999919957e+00,-5.000000000000000000e-01,3.000000000000000000e+00,5.795199999999998575e+00
7.899999999999919531e+00,-5.000000000000000000e-01,3.000000000000000000e+00,5.795199999999998575e+00
7.919999999999919105e+00,-5.000000000000000000e-01,2.950000000000000178e+00,5.829699999999998106e+00
7.939999999999918678e+00,-5.000000000000000000e-01,3.020000000000000018e+00,5.790399999999998215e+00
7.959999999999918252e+00,-5.000000000000000000e-01,2.979999999999999982e+00,5.814399999999998236e+00
7.979999999999917826e+00,-5.000000000000000000e-01,2.990000000000000213e+00,5.811099999999998822e+00
7.999999999999917399e+00,5.000000000000000000e-01,3.029999999999999805e+00,6.475299999999998946e+00
8.019999999999917861e+00,5.000000000000000000e-01,3.040000000000000036e+00,6.642999999999998906e+00
8.039999999999917435e+00,5.000000000000000000e-01,3.129999999999999893e+00,6.753699999999998482e+00
8.059999999999917009e+00,5.000000000000000000e-01,3.370000000000000107e+00,6.744699999999999029e+00
8.079999999999916582e+00,5.000000000000000000e-01,3.479999999999999982e+00,6.782199999999998674e+00
8.099999999999916156e+00,5.000000000000000000e-01,3.580000000000000071e+00,6.806799999999999073e+00
8.119999999999915730e+00,5.000000000000000000e-01,3.660000000000000142e+00,6.827199999999998603e+00
8.139999999999915303e+00,5.000000000000000000e-01,3.700000000000000178e+00,6.860799999999998455e+00
8.159999999999914877e+00,5.000000000000000000e-01,3.830000000000000071e+00,6.825099999999998168e+00
8.179999999999914451e+00,5.000000000000000000e-01,3.830000000000000071e+00,6.855699999999997907e+00
8.199999999999914024e+00,5.000000000000000000e-01,3.899999999999999911e+00,6.837999999999997414e+00
8.219999999999913598e+00,5.000000000000000000e-01,3.970000000000000195e+00,6.807699999999997864e+00
8.239999999999913172e+00,5.000000000000000000e-01,4.000000000000000000e+00,6.792399999999997995e+00
8.259999999999912745e+00,5.000000000000000000e-01,3.930000000000000160e+00,6.840699999999998226e+00
8.279999999999912319e+00,5.000000000000000000e-01,3.990000000000000213e+00,6.811899999999997846e+00
8.299999999999911893e+00,5.000000000000000000e-01,3.950000000000000178e+00,6.841299999999997716e+00
8.319999999999911466e+00,5.000000000000000000e-01,4.009999999999999787e+00,6.808899999999997732e+00
8.339999999999911040e+00,5.000000000000000000e-01,3.919999999999999929e+00,6.869199999999998418e+00
8.359999999999910614e+00,5.000000000000000000e-01,4.049999999999999822e+00,6.793899999999998052e+00
8.379999999999910187e+00,5.000000000000000000e-01,3.979999999999999982e+00,6.833199999999997942e+00
8.399999999999909761e+00,5.000000000000000000e-01,4.049999999999999822e+00,6.788499999999998202e+00
8.419999999999909335e+00,5.000000000000000000e-01,3.990000000000000213e+00,6.820899999999998187e+00
8.439999999999908908e+00,5.000000000000000000e-01,3.990000000000000213e+00,6.822699999999997544e+00
8.459999999999908482e+00,5.000000000000000000e-01,4.040000000000000036e+00,6.789999999999998259e+00
8.479999999999908056e+00,5.000000000000000000e-01,3.939999999999999947e+00,6.851799999999998114e+00
8.499999999999907629e+00,5.000000000000000000e-01,4.040000000000000036e+00,6.793599999999997863e+00
8.519999999999907203e+00,5.000000000000000000e-01,4.009999999999999787e+00,6.807099999999998374e+00
8.539999999999906777e+00,5.000000000000000000e-01,3.939999999999999947e+00,6.853599999999998360e+00
8.559999999999906350e+00,5.000000000000000000e-01,4.030000000000000249e+00,6.802299999999998015e+00
8.579999999999905924e+00,5.000000000000000000e-01,4.009999999999999787e+00,6.810699999999997978e+00
8.599999999999905498e+00,5.000000000000000000e-01,3.990000000000000213e+00,6.822699999999997544e+00
8.619999999999905071e+00,5.000000000000000000e-01,3.990000000000000213e+00,6.824499999999997790e+00
8.639999999999904645e+00,5.000000000000000000e-01,4.019999999999999574e+00,6.805599999999998317e+00
8.659999999999904219e+00,5.000000000000000000e-01,3.979999999999999982e+00,6.829599999999998339e+00
8.679999999999903793e+00,5.000000000000000000e-01,4.040000000000000036e+00,6.791799999999998505e+00
8.699999999999903366e+00,5.000000000000000000e-01,3.950000000000000178e+00,6.846699999999998454e+00
8.719999999999902940e+00,5.000000000000000000e-01,4.040000000000000036e+00,6.793599999999997863e+00
8.739999999999902514e+00,5.000000000000000000e-01,4.000000000000000000e+00,6.813999999999998280e+00
8.759999999999902087e+00,5.000000000000000000e-01,4.000000000000000000e+00,6.813999999999998280e+00
8.779999999999901661e+00,5.000000000000000000e-01,3.970000000000000195e+00,6.834699999999997999e+00
8.799999999999901235e+00,5.000000000000000000e-01,4.030000000000000249e+00,6.798699999999998411e+00
8.819999999999900808e+00,5.000000000000000000e-01,3.979999999999999982e+00,6.827799999999998093e+00
8.839999999999900382e+00,5.000000000000000000e-01,3.979999999999999982e+00,6.831399999999998585e+00
8.859999999999899956e+00,5.000000000000000000e-01,3.979999999999999982e+00,6.834999999999998188e+00
8.879999999999899529e+00,5.000000000000000000e-01,4.040000000000000036e+00,6.797199999999998354e+00
8.899999999999899103e+00,5.000000000000000000e-01,3.979999999999999982e+00,6.831399999999998585e+00
8.919999999999898677e+00,5.000000000000000000e-01,4.049999999999999822e+00,6.786699999999997956e+00
8.939999999999898250e+00,5.000000000000000000e-01,3.959999999999999964e+00,6.839799999999998548e+00
8.959999999999897824e+00,5.000000000000000000e-01,4.049999999999999822e+00,6.784899999999998599e+00
8.979999999999897398e+00,5.000000000000000000e-01,3.990000000000000213e+00,6.817299999999997695e+00
8.999999999999896971e+00,-5.000000000000000000e-01,4.049999999999999822e+00,6.087699999999998113e+00
9.019999999999896545e+00,-5.000000000000000000e-01,4.030000000000000249e+00,5.912499999999997868e+00
9.039999999999896119e+00,-5.000000000000000000e-01,3.859999999999999876e+00,5.844399999999998485e+00
9.059999999999895692e+00,-5.000000000000000000e-01,3.759999999999999787e+00,5.758599999999998609e+00
9.079999999999895266e+00,-5.000000000000000000e-01,3.620000000000000107e+00,5.718399999999998151e+00
9.099999999999894840e+00,-5.000000000000000000e-01,3.419999999999999929e+00,5.744799999999997908e+00
9.119999999999894413e+00,-5.000000000000000000e-01,3.310000000000000053e+00,5.745099999999998097e+00
9.139999999999893987e+00,-5.000000000000000000e-01,3.129999999999999893e+00,5.813499999999998558e+00
9.159999999999893561e+00,-5.000000000000000000e-01,3.120000000000000107e+00,5.796999999999997932e+00
9.179999999999893134e+00,-5.000000000000000000e-01,3.129999999999999893e+00,5.768499999999998629e+00
9.199999999999892708e+00,-5.000000000000000000e-01,3.080000000000000071e+00,5.779599999999998516e+00
9.219999999999892282e+00,-5.000000000000000000e-01,3.080000000000000071e+00,5.765199999999998326e+00
9.239999999999891855e+00,-5.000000000000000000e-01,3.109999999999999876e+00,5.730099999999998417e+00
9.259999999999891429e+00,-5.000000000000000000e-01,3.009999999999999787e+00,5.779299999999998327e+00
9.279999999999891003e+00,-5.000000000000000000e-01,2.990000000000000213e+00,5.791299999999997894e+00
9.299999999999890576e+00,-5.000000000000000000e-01,3.040000000000000036e+00,5.758599999999998609e+00
9.319999999999890150e+00,-5.000000000000000000e-01,2.979999999999999982e+00,5.792799999999997951e+00
9.339999999999889724e+00,-5.000000000000000000e-01,3.049999999999999822e+00,5.748099999999998211e+00
9.359999999999889297e+00,-5.000000000000000000e-01,3.060000000000000053e+00,5.732199999999998852e+00
9.379999999999888871e+00,-5.000000000000000000e-01,3.040000000000000036e+00,5.735199999999998077e+00
9.399999999999888445e+00,-5.000000000000000000e-01,2.930000000000000160e+00,5.803899999999998727e+00
9.419999999999888018e+00,-5.000000000000000000e-01,2.950000000000000178e+00,5.802699999999997971e+00
9.439999999999887592e+00,-5.000000000000000000e-01,3.040000000000000036e+00,5.749599999999998268e+00
9.459999999999887166e+00,-5.000000000000000000e-01,2.930000000000000160e+00,5.818299999999998029e+00
9.479999999999886739e+00,-5.000000000000000000e-01,3.029999999999999805e+00,5.761899999999998023e+00
9.499999999999886313e+00,-5.000000000000000000e-01,2.950000000000000178e+00,5.811699999999998312e+00
9.519999999999885887e+00,-5.000000000000000000e-01,3.029999999999999805e+00,5.765499999999998515e+00
9.539999999999885461e+00,-5.000000000000000000e-01,2.979999999999999982e+00,5.794599999999998197e+00
9.559999999999885034e+00,-5.000000000000000000e-01,3.009999999999999787e+00,5.777499999999998082e+00
9.579999999999884608e+00,-5.000000000000000000e-01,2.979999999999999982e+00,5.796399999999998442e+00
9.599999999999884182e+00,-5.000000000000000000e-01,2.990000000000000213e+00,5.793099999999998140e+00
9.619999999999883755e+00,-5.000000000000000000e-01,3.040000000000000036e+00,5.760399999999997966e+00
9.639999999999883329e+00,-5.000000000000000000e-01,3.040000000000000036e+00,5.753199999999997871e+00
9.659999999999882903e+00,-5.000000000000000000e-01,2.990000000000000213e+00,5.780499999999998195e+00
9.679999999999882476e+00,-5.000000000000000000e-01,3.040000000000000036e+00,5.747799999999998022e+00
9.699999999999882050e+00,-5.000000000000000000e-01,3.049999999999999822e+00,5.733699999999998020e+00
9.719999999999881624e+00,-5.000000000000000000e-01,2.959999999999999964e+00,5.786799999999997723e+00
9.739999999999881197e+00,-5.000000000000000000e-01,2.979999999999999982e+00,5.780199999999998006e+00
9.759999999999880771e+00,-5.000000000000000000e-01,3.009999999999999787e+00,5.763099999999997891e+00
9.779999999999880345e+00,-5.000000000000000000e-01,2.930000000000000160e+00,5.816499999999997783e+00
9.799999999999879918e+00,-5.000000000000000000e-01,2.970000000000000195e+00,5.801499999999998103e+00
9.819999999999879492e+00,-5.000000000000000000e-01,2.959999999999999964e+00,5.813799999999997858e+00
9.839999999999879066e+00,-5.000000000000000000e-01,3.009999999999999787e+00,5.786499999999998423e+00
9.859999999999878639e+00,-5.000000000000000000e-01,3.000000000000000000e+00,5.791599999999998083e+00
9.879999999999878213e+00,-5.000000000000000000e-01,2.970000000000000195e+00,5.812299999999997802e+00
9.899999999999877787e+00,-5.000000000000000000e-01,3.020000000000000018e+00,5.783199999999998120e+00
9.919999999999877360e+00,-5.000000000000000000e-01,3.029999999999999805e+00,5.772699999999998610e+00
9.939999999999876934e+00,-5.000000000000000000e-01,2.930000000000000160e+00,5.836299999999997823e+00
9.959999999999876508e+00,-5.000000000000000000e-01,3.040000000000000036e+00,5.772999999999997911e+00
9.979999999999876081e+00,-5.000000000000000000e-01,3.049999999999999822e+00,5.758899999999997910e+00
9.999999999999875655e+00,5.000000000000000000e-01,3.060000000000000053e+00,6.432999999999998053e+00
1.001999999999987523e+01,5.000000000000000000e-01,2.939999999999999947e+00,6.684999999999997833e+00
1.003999999999987480e+01,5.000000000000000000e-01,3.109999999999999876e+00,6.758499999999997954e+00
1.005999999999987438e+01,5.000000000000000000e-01,3.359999999999999876e+00,6.746199999999998198e+00
1.007999999999987395e+01,5.000000000000000000e-01,3.589999999999999858e+00,6.702699999999998326e+00
1.009999999999987352e+01,5.000000000000000000e-01,3.609999999999999876e+00,6.762699999999997935e+00
1.011999999999987310e+01,5.000000000000000000e-01,3.729999999999999982e+00,6.750099999999997991e+00
1.013999999999987267e+01,5.000000000000000000e-01,3.810000000000000053e+00,6.743499999999998273e+00
1.015999999999987224e+01,5.000000000000000000e-01,3.910000000000000142e+00,6.708699999999997665e+00
1.017999999999987182e+01,5.000000000000000000e-01,3.839999999999999858e+00,6.773199999999998333e+00
1.019999999999987139e+01,5.000000000000000000e-01,3.910000000000000142e+00,6.753699999999997594e+00
1.021999999999987097e+01,5.000000000000000000e-01,3.919999999999999929e+00,6.762999999999998124e+00
1.023999999999987054e+01,5.000000000000000000e-01,3.959999999999999964e+00,6.749799999999998690e+00
1.025999999999987011e+01,5.000000000000000000e-01,3.919999999999999929e+00,6.784599999999998410e+00
1.027999999999986969e+01,5.000000000000000000e-01,3.970000000000000195e+00,6.764499999999998181e+00
1.029999999999986926e+01,5.000000000000000000e-01,3.950000000000000178e+00,6.783699999999998731e+00
1.031999999999986883e+01,5.000000000000000000e-01,4.000000000000000000e+00,6.758199999999998653e+00
1.033999999999986841e+01,5.000000000000000000e-01,4.019999999999999574e+00,6.744399999999998840e+00
1.035999999999986798e+01,5.000000000000000000e-01,4.000000000000000000e+00,6.754599999999998161e+00
1.037999999999986755e+01,5.000000000000000000e-01,3.970000000000000195e+00,6.775299999999998768e+00
1.039999999999986713e+01,5.000000000000000000e-01,3.970000000000000195e+00,6.780699999999998617e+00
1.041999999999986670e+01,5.000000000000000000e-01,3.979999999999999982e+00,6.779199999999998560e+00
1.043999999999986628e+01,5.000000000000000000e-01,3.959999999999999964e+00,6.796599999999998865e+00
1.045999999999986585e+01,5.000000000000000000e-01,3.979999999999999982e+00,6.789999999999999147e+00
1.047999999999986542e+01,5.000000000000000000e-01,3.970000000000000195e+00,6.800499999999998657e+00
1.049999999999986500e+01,5.000000000000000000e-01,3.959999999999999964e+00,6.812799999999999301e+00
1.051999999999986457e+01,5.000000000000000000e-01,4.009999999999999787e+00,6.785499999999998977e+00
1.053999999999986414e+01,5.000000000000000000e-01,3.939999999999999947e+00,6.831999999999998963e+00
1.055999999999986372e+01,5.000000000000000000e-01,3.950000000000000178e+00,6.835899999999998755e+00
1.057999999999986329e+01,5.000000000000000000e-01,3.990000000000000213e+00,6.817299999999999471e+00
1.059999999999986287e+01,5.000000000000000000e-01,3.979999999999999982e+00,6.825999999999999623e+00
1.061999999999986244e+01,5.000000000000000000e-01,4.009999999999999787e+00,6.808899999999999508e+00
1.063999999999986201e+01,5.000000000000000000e-01,4.009999999999999787e+00,6.807099999999999262e+00
1.065999999999986159e+01,5.000000000000000000e-01,4.009999999999999787e+00,6.805299999999999017e+00
1.067999999999986116e+01,5.000000000000000000e-01,4.030000000000000249e+00,6.789699999999998958e+00
1.069999999999986073e+01,5.000000000000000000e-01,4.019999999999999574e+00,6.791199999999999903e+00
1.071999999999986031e+01,5.000000000000000000e-01,3.979999999999999982e+00,6.815199999999999037e+00
1.073999999999985988e+01,5.000000000000000000e-01,4.000000000000000000e+00,6.804999999999999716e+00
1.075999999999985945e+01,5.000000000000000000e-01,3.970000000000000195e+00,6.825699999999999434e+00
1.077999999999985903e+01,5.000000000000000000e-01,4.040000000000000036e+00,6.782799999999999052e+00
1.079999999999985860e+01,5.000000000000000000e-01,3.919999999999999929e+00,6.858399999999999608e+00
1.081999999999985818e+01,5.000000000000000000e-01,4.009999999999999787e+00,6.810699999999999754e+00
1.083999999999985775e+01,5.000000000000000000e-01,4.059999999999999609e+00,6.774399999999999977e+00
1.085999999999985732e+01,5.000000000000000000e-01,4.019999999999999574e+00,6.791199999999999903e+00
1.087999999999985690e+01,5.000000000000000000e-01,4.000000000000000000e+00,6.801399999999999224e+00
1.089999999999985647e+01,5.000000000000000000e-01,4.009999999999999787e+00,6.794499999999999318e+00
1.091999999999985604e+01,5.000000000000000000e-01,3.970000000000000195e+00,6.820299999999999585e+00
1.093999999999985562e+01,5.000000000000000000e-01,4.049999999999999822e+00,6.770499999999999297e+00
1.095999999999985519e+01,5.000000000000000000e-01,4.000000000000000000e+00,6.795999999999999375e+00
1.097999999999985477e+01,5.000000000000000000e-01,4.000000000000000000e+00,6.795999999999999375e+00
1.099999999999985434e+01,-5.000000000000000000e-01,4.040000000000000036e+00,6.078399999999999359e+00
1.101999999999985391e+01,-5.000000000000000000e-01,3.959999999999999964e+00,5.946399999999999686e+00
1.103999999999985349e+01,-5.000000000000000000e-01,3.930000000000000160e+00,5.794299999999999784e+00
1.105999999999985306e+01,-5.000000000000000000e-01,3.799999999999999822e+00,5.716599999999999682e+00
1.107999999999985263e+01,-5.000000000000000000e-01,3.649999999999999911e+00,5.676099999999999923e+00
1.109999999999985221e+01,-5.000000000000000000e-01,3.459999999999999964e+00,5.690199999999999925e+00
1.111999999999985178e+01,-5.000000000000000000e-01,3.399999999999999911e+00,5.648799999999999599e+00
1.113999999999985135e+01,-5.000000000000000000e-01,3.290000000000000036e+00,5.652699999999999392e+00
1.115999999999985093e+01,-5.000000000000000000e-01,3.169999999999999929e+00,5.683300000000000018e+00
1.117999999999985050e+01,-5.000000000000000000e-01,3.180000000000000160e+00,5.645799999999999486e+00
1.119999999999985008e+01,-5.000000000000000000e-01,3.060000000000000053e+00,5.696200000000000152e+00
1.121999999999984965e+01,-5.000000000000000000e-01,2.979999999999999982e+00,5.740599999999999703e+00
1.123999999999984922e+01,-5.000000000000000000e-01,3.029999999999999805e+00,5.709699999999999775e+00
1.125999999999984880e+01,-5.000000000000000000e-01,3.009999999999999787e+00,5.718099999999999739e+00
1.127999999999984837e+01,-5.000000000000000000e-01,3.000000000000000000e+00,5.723200000000000287e+00
1.129999999999984794e+01,-5.000000000000000000e-01,2.970000000000000195e+00,5.743900000000000006e+00
1.131999999999984752e+01,-5.000000000000000000e-01,2.979999999999999982e+00,5.742399999999999949e+00
1.133999999999984709e+01,-5.000000000000000000e-01,2.890000000000000124e+00,5.808099999999999596e+00
1.135999999999984666e+01,-5.000000000000000000e-01,2.919999999999999929e+00,5.807199999999999918e+00
1.137999999999984624e+01,-5.000000000000000000e-01,2.959999999999999964e+00,5.794000000000000483e+00
1.139999999999984581e+01,-5.000000000000000000e-01,2.959999999999999964e+00,5.801200000000000578e+00
1.141999999999984539e+01,-5.000000000000000000e-01,3.020000000000000018e+00,5.767000000000000348e+00
1.143999999999984496e+01,-5.000000000000000000e-01,2.979999999999999982e+00,5.791000000000000369e+00
1.145999999999984453e+01,-5.000000000000000000e-01,3.049999999999999822e+00,5.746300000000000630e+00
1.147999999999984411e+01,-5.000000000000000000e-01,2.910000000000000142e+00,5.833899999999999864e+00
1.149999999999984368e+01,-5.000000000000000000e-01,3.029999999999999805e+00,5.767300000000000537e+00
1.151999999999984325e+01,-5.000000000000000000e-01,3.060000000000000053e+00,5.741200000000000081e+00
1.153999999999984283e+01,-5.000000000000000000e-01,3.020000000000000018e+00,5.758000000000000007e+00
1.155999999999984240e+01,-5.000000000000000000e-01,2.990000000000000213e+00,5.775100000000000122e+00
1.157999999999984198e+01,-5.000000000000000000e-01,2.950000000000000178e+00,5.804499999999999993e+00
1.159999999999984155e+01,-5.000000000000000000e-01,2.970000000000000195e+00,5.799700000000000522e+00
1.161999999999984112e+01,-5.000000000000000000e-01,3.000000000000000000e+00,5.784400000000000652e+00
1.163999999999984070e+01,-5.000000000000000000e-01,2.990000000000000213e+00,5.791300000000000558e+00
1.165999999999984027e+01,-5.000000000000000000e-01,2.990000000000000213e+00,5.793099999999999916e+00
1.167999999999983984e+01,-5.000000000000000000e-01,2.979999999999999982e+00,5.801800000000000068e+00
1.169999999999983942e+01,-5.000000000000000000e-01,3.020000000000000018e+00,5.777800000000000047e+00
1.171999999999983899e+01,-5.000000000000000000e-01,3.020000000000000018e+00,5.774200000000000443e+00
1.173999999999983856e+01,-5.000000000000000000e-01,3.049999999999999822e+00,5.749900000000000233e+00
1.175999999999983814e+01,-5.000000000000000000e-01,3.000000000000000000e+00,5.775400000000000311e+00
1.177999999999983771e+01,-5.000000000000000000e-01,3.020000000000000018e+00,5.761600000000000499e+00
1.179999999999983729e+01,-5.000000000000000000e-01,3.029999999999999805e+00,5.751100000000000101e+00
1.181999999999983686e+01,-5.000000000000000000e-01,2.950000000000000178e+00,5.800900000000000389e+00
1.183999999999983643e+01,-5.000000000000000000e-01,3.029999999999999805e+00,5.754700000000000593e+00
1.185999999999983601e+01,-5.000000000000000000e-01,2.990000000000000213e+00,5.776900000000000368e+00
1.187999999999983558e+01,-5.000000000000000000e-01,3.000000000000000000e+00,5.771800000000000708e+00
1.189999999999983515e+01,-5.000000000000000000e-01,2.939999999999999947e+00,5.813200000000000145e+00
1.191999999999983473e+01,-5.000000000000000000e-01,2.950000000000000178e+00,5.817099999999999937e+00
1.193999999999983430e+01,-5.000000000000000000e-01,3.020000000000000018e+00,5.777800000000000047e+00
1.195999999999983388e+01,-5.000000000000000000e-01,2.950000000000000178e+00,5.822499999999999787e+00
1.197999999999983345e+01,-5.000000000000000000e-01,2.990000000000000213e+00,5.803900000000000503e+00
1.199999999999983302e+01,5.000000000000000000e-01,3.060000000000000053e+00,6.447400000000000020e+00
1.201999999999983260e+01,5.000000000000000000e-01,2.950000000000000178e+00,6.692499999999999893e+00
1.203999999999983217e+01,5.000000000000000000e-01,3.160000000000000142e+00,6.736600000000000144e+00
1.205999999999983174e+01,5.000000000000000000e-01,3.310000000000000053e+00,6.784299999999999997e+00
1.207999999999983132e+01,5.000000000000000000e-01,3.439999999999999947e+00,6.818799999999999528e+00
1.209999999999983089e+01,5.000000000000000000e-01,3.549999999999999822e+00,6.843700000000000117e+00
1.211999999999983046e+01,5.000000000000000000e-01,3.729999999999999982e+00,6.800500000000000433e+00
1.213999999999983004e+01,5.000000000000000000e-01,3.819999999999999840e+00,6.787000000000000810e+00
1.215999999999982961e+01,5.000000000000000000e-01,3.819999999999999840e+00,6.819400000000000794e+00
1.217999999999982919e+01,5.000000000000000000e-01,3.899999999999999911e+00,6.796600000000000641e+00
1.219999999999982876e+01,5.000000000000000000e-01,3.850000000000000089e+00,6.849099999999999966e+00
1.221999999999982833e+01,5.000000000000000000e-01,3.959999999999999964e+00,6.800200000000000244e+00
1.223999999999982791e+01,5.000000000000000000e-01,3.959999999999999964e+00,6.807400000000000340e+00
1.225999999999982748e+01,5.000000000000000000e-01,3.990000000000000213e+00,6.793900000000000716e+00
1.227999999999982705e+01,5.000000000000000000e-01,3.959999999999999964e+00,6.816400000000000681e+00
1.229999999999982663e+01,5.000000000000000000e-01,3.990000000000000213e+00,6.802900000000001057e+00
1.231999999999982620e+01,5.000000000000000000e-01,3.970000000000000195e+00,6.818500000000000227e+00
1.233999999999982577e+01,5.000000000000000000e-01,4.009999999999999787e+00,6.796300000000000452e+00
1.235999999999982535e+01,5.000000000000000000e-01,3.970000000000000195e+00,6.822100000000000719e+00
1.237999999999982492e+01,5.000000000000000000e-01,3.979999999999999982e+00,6.820600000000000662e+00
1.239999999999982450e+01,5.000000000000000000e-01,4.009999999999999787e+00,6.803500000000001435e+00
1.241999999999982407e+01,5.000000000000000000e-01,3.979999999999999982e+00,6.822400000000000908e+00
1.243999999999982364e+01,5.000000000000000000e-01,4.030000000000000249e+00,6.791500000000000981e+00
1.245999999999982322e+01,5.000000000000000000e-01,3.979999999999999982e+00,6.820600000000000662e+00
1.247999999999982279e+01,5.000000000000000000e-01,4.019999999999999574e+00,6.796600000000001529e+00
1.249999999999982236e+01,5.000000000000000000e-01,3.959999999999999964e+00,6.834400000000000475e+00
1.251999999999982194e+01,5.000000000000000000e-01,3.990000000000000213e+00,6.820900000000000851e+00
1.253999999999982151e+01,5.000000000000000000e-01,3.950000000000000178e+00,6.850300000000000722e+00
1.255999999999982109e+01,5.000000000000000000e-01,4.000000000000000000e+00,6.824800000000001532e+00
1.257999999999982066e+01,5.000000000000000000e-01,3.959999999999999964e+00,6.852400000000001157e+00
1.259999999999982023e+01,5.000000000000000000e-01,4.059999999999999609e+00,6.790600000000001302e+00
1.261999999999981981e+01,5.000000000000000000e-01,4.000000000000000000e+00,6.821200000000001040e+00
1.263999999999981938e+01,5.000000000000000000e-01,3.939999999999999947e+00,6.862600000000001366e+00
1.265999999999981895e+01,5.000000000000000000e-01,4.009999999999999787e+00,6.825100000000001721e+00
1.267999999999981853e+01,5.000000000000000000e-01,3.970000000000000195e+00,6.850900000000001100e+00
1.269999999999981810e+01,5.000000000000000000e-01,3.990000000000000213e+00,6.842500000000001137e+00
1.271999999999981767e+01,5.000000000000000000e-01,3.990000000000000213e+00,6.844300000000001383e+00
1.273999999999981725e+01,5.000000000000000000e-01,4.030000000000000249e+00,6.818500000000001116e+00
1.275999999999981682e+01,5.000000000000000000e-01,3.930000000000000160e+00,6.882100000000001216e+00
1.277999999999981640e+01,5.000000000000000000e-01,4.059999999999999609e+00,6.805000000000001492e+00
1.279999999999981597e+01,5.000000000000000000e-01,4.030000000000000249e+00,6.814900000000001512e+00
1.281999999999981554e+01,5.000000000000000000e-01,3.959999999999999964e+00,6.857800000000001006e+00
1.283999999999981512e+01,5.000000000000000000e-01,3.990000000000000213e+00,6.844300000000001383e+00
1.285999999999981469e+01,5.000000000000000000e-01,4.049999999999999822e+00,6.804700000000001303e+00
1.287999999999981426e+01,5.000000000000000000e-01,4.030000000000000249e+00,6.809500000000001663e+00
1.289999999999981384e+01,5.000000000000000000e-01,4.049999999999999822e+00,6.790300000000001113e+00
1.291999999999981341e+01,5.000000000000000000e-01,4.059999999999999609e+00,6.774400000000001754e+00
1.293999999999981299e+01,5.000000000000000000e-01,4.009999999999999787e+00,6.798100000000001586e+00
1.295999999999981256e+01,5.000000000000000000e-01,3.970000000000000195e+00,6.823900000000000965e+00
1.297999999999981213e+01,5.000000000000000000e-01,3.959999999999999964e+00,6.836200000000001609e+00
1.299999999999981171e+01,5.000000000000000000e-01,3.959999999999999964e+00,6.843400000000001704e+00
1.301999999999981128e+01,-5.000000000000000000e-01,4.019999999999999574e+00,6.119200000000001971e+00
1.303999999999981085e+01,-5.000000000000000000e-01,3.979999999999999982e+00,5.963200000000002277e+00
1.305999999999981043e+01,-5.000000000000000000e-01,3.970000000000000195e+00,5.793700000000002071e+00
1.307999999999981000e+01,-5.000000000000000000e-01,3.740000000000000213e+00,5.777800000000001823e+00
1.309999999999980957e+01,-5.000000000000000000e-01,3.520000000000000018e+00,5.796400000000001995e+00
1.311999999999980915e+01,-5.000000000000000000e-01,3.500000000000000000e+00,5.716600000000002346e+00
1.313999999999980872e+01,-5.000000000000000000e-01,3.430000000000000160e+00,5.674900000000001832e+00
1.315999999999980830e+01,-5.000000000000000000e-01,3.250000000000000000e+00,5.721700000000002007e+00
1.317999999999980787e+01,-5.000000000000000000e-01,3.129999999999999893e+00,5.759500000000001840e+00
1.319999999999980744e+01,-5.000000000000000000e-01,3.040000000000000036e+00,5.798200000000002241e+00
1.321999999999980702e+01,-5.000000000000000000e-01,3.089999999999999858e+00,5.756500000000001727e+00
1.323999999999980659e+01,-5.000000000000000000e-01,3.020000000000000018e+00,5.788600000000001522e+00
1.325999999999980616e+01,-5.000000000000000000e-01,3.060000000000000053e+00,5.757400000000002294e+00
1.327999999999980574e+01,-5.000000000000000000e-01,3.029999999999999805e+00,5.767300000000002314e+00
1.329999999999980531e+01,-5.000000000000000000e-01,2.959999999999999964e+00,5.810200000000001808e+00
1.331999999999980488e+01,-5.000000000000000000e-01,2.959999999999999964e+00,5.817400000000001903e+00
1.333999999999980446e+01,-5.000000000000000000e-01,3.009999999999999787e+00,5.790100000000002467e+00
1.335999999999980403e+01,-5.000000000000000000e-01,2.959999999999999964e+00,5.822800000000002640e+00
1.337999999999980361e+01,-5.000000000000000000e-01,3.020000000000000018e+00,5.788600000000002410e+00
1.339999999999980318e+01,-5.000000000000000000e-01,2.979999999999999982e+00,5.812600000000002431e+00
1.341999999999980275e+01,-5.000000000000000000e-01,2.970000000000000195e+00,5.823100000000001941e+00
1.343999999999980233e+01,-5.000000000000000000e-01,3.029999999999999805e+00,5.787100000000002353e+00
1.345999999999980190e+01,-5.000000000000000000e-01,3.009999999999999787e+00,5.795500000000002316e+00
1.347999999999980147e+01,-5.000000000000000000e-01,2.979999999999999982e+00,5.814400000000002677e+00
1.349999999999980105e+01,-5.000000000000000000e-01,2.939999999999999947e+00,5.845600000000001906e+00
1.351999999999980062e+01,-5.000000000000000000e-01,3.040000000000000036e+00,5.787400000000001654e+00
1.353999999999980020e+01,-5.000000000000000000e-01,3.020000000000000018e+00,5.794000000000002260e+00
1.355999999999979977e+01,-5.000000000000000000e-01,3.000000000000000000e+00,5.804200000000001580e+00
1.357999999999979934e+01,-5.000000000000000000e-01,2.970000000000000195e+00,5.824900000000002187e+00
1.359999999999979892e+01,-5.000000000000000000e-01,3.020000000000000018e+00,5.795800000000001617e+00
1.361999999999979849e+01,-5.000000000000000000e-01,3.040000000000000036e+00,5.778400000000002201e+00
1.363999999999979806e+01,-5.000000000000000000e-01,2.990000000000000213e+00,5.805700000000001637e+00
1.365999999999979764e+01,-5.000000000000000000e-01,2.990000000000000213e+00,5.807500000000001883e+00
1.367999999999979721e+01,-5.000000000000000000e-01,3.009999999999999787e+00,5.795500000000002316e+00
1.369999999999979678e+01,-5.000000000000000000e-01,3.049999999999999822e+00,5.766100000000001558e+00
1.371999999999979636e+01,-5.000000000000000000e-01,3.069999999999999840e+00,5.743300000000002292e+00
1.373999999999979593e+01,-5.000000000000000000e-01,2.950000000000000178e+00,5.813500000000002110e+00
1.375999999999979551e+01,-5.000000000000000000e-01,3.000000000000000000e+00,5.788000000000002032e+00
1.377999999999979508e+01,-5.000000000000000000e-01,2.950000000000000178e+00,5.822500000000001563e+00
1.379999999999979465e+01,-5.000000000000000000e-01,3.000000000000000000e+00,5.797000000000002373e+00
1.381999999999979423e+01,-5.000000000000000000e-01,3.029999999999999805e+00,5.776300000000001766e+00
1.383999999999979380e+01,-5.000000000000000000e-01,3.040000000000000036e+00,5.764000000000002011e+00
1.385999999999979337e+01,-5.000000000000000000e-01,2.970000000000000195e+00,5.805100000000001259e+00
1.387999999999979295e+01,-5.000000000000000000e-01,3.000000000000000000e+00,5.789800000000001390e+00
1.389999999999979252e+01,-5.000000000000000000e-01,2.990000000000000213e+00,5.796700000000001296e+00
1.391999999999979210e+01,-5.000000000000000000e-01,3.000000000000000000e+00,5.791600000000001636e+00
1.393999999999979167e+01,-5.000000000000000000e-01,3.009999999999999787e+00,5.784700000000001729e+00
1.395999999999979124e+01,-5.000000000000000000e-01,2.990000000000000213e+00,5.796700000000001296e+00
1.397999999999979082e+01,-5.000000000000000000e-01,2.959999999999999964e+00,5.819200000000002149e+00
1.399999999999979039e+01,5.000000000000000000e-01,3.009999999999999787e+00,6.481900000000002215e+00
1.401999999999978996e+01,5.000000000000000000e-01,3.020000000000000018e+00,6.653200000000001779e+00
1.403999999999978954e+01,5.000000000000000000e-01,3.089999999999999858e+00,6.781300000000001660e+00
1.405999999999978911e+01,5.000000000000000000e-01,3.259999999999999787e+00,6.827800000000001646e+00
1.407999999999978868e+01,5.000000000000000000e-01,3.359999999999999876e+00,6.892000000000001236e+00
1.409999999999978826e+01,5.000000000000000000e-01,3.580000000000000071e+00,6.855400000000001270e+00
1.411999999999978783e+01,5.000000000000000000e-01,3.740000000000000213e+00,6.820600000000001550e+00
1.413999999999978741e+01,5.000000000000000000e-01,3.770000000000000018e+00,6.846700000000002007e+00
1.415999999999978698e+01,5.000000000000000000e-01,3.910000000000000142e+00,6.791500000000001869e+00
1.417999999999978655e+01,5.000000000000000000e-01,3.910000000000000142e+00,6.807700000000001417e+00
1.419999999999978613e+01,5.000000000000000000e-01,3.990000000000000213e+00,6.768700000000001715e+00
1.421999999999978570e+01,5.000000000000000000e-01,3.930000000000000160e+00,6.811900000000001398e+00
1.423999999999978527e+01,5.000000000000000000e-01,3.990000000000000213e+00,6.783100000000001906e+00
1.425999999999978485e+01,5.000000000000000000e-01,3.950000000000000178e+00,6.812500000000001776e+00
1.427999999999978442e+01,5.000000000000000000e-01,4.009999999999999787e+00,6.780100000000001792e+00
1.429999999999978400e+01,5.000000000000000000e-01,3.979999999999999982e+00,6.799000000000002153e+00
1.431999999999978357e+01,5.000000000000000000e-01,3.990000000000000213e+00,6.795700000000001850e+00
1.433999999999978314e+01,5.000000000000000000e-01,3.950000000000000178e+00,6.825100000000001721e+00
1.435999999999978272e+01,5.000000000000000000e-01,4.009999999999999787e+00,6.792700000000001737e+00
1.437999999999978229e+01,5.000000000000000000e-01,3.950000000000000178e+00,6.832300000000001816e+00
1.439999999999978186e+01,5.000000000000000000e-01,3.970000000000000195e+00,6.827500000000002345e+00
1.441999999999978144e+01,5.000000000000000000e-01,3.979999999999999982e+00,6.826000000000002288e+00
1.443999999999978101e+01,5.000000000000000000e-01,4.019999999999999574e+00,6.802000000000002267e+00
1.445999999999978058e+01,5.000000000000000000e-01,3.950000000000000178e+00,6.846700000000002007e+00
1.447999999999978016e+01,5.000000000000000000e-01,4.049999999999999822e+00,6.786700000000002397e+00
1.449999999999977973e+01,5.000000000000000000e-01,4.009999999999999787e+00,6.805300000000002569e+00
1.451999999999977931e+01,5.000000000000000000e-01,3.990000000000000213e+00,6.817300000000002136e+00
1.453999999999977888e+01,5.000000000000000000e-01,3.979999999999999982e+00,6.826000000000002288e+00
1.455999999999977845e+01,5.000000000000000000e-01,3.950000000000000178e+00,6.850300000000002498e+00
1.457999999999977803e+01,5.000000000000000000e-01,4.019999999999999574e+00,6.811000000000002608e+00
1.459999999999977760e+01,5.000000000000000000e-01,4.000000000000000000e+00,6.821200000000002817e+00
1.461999999999977717e+01,5.000000000000000000e-01,4.030000000000000249e+00,6.800500000000002210e+00
1.463999999999977675e+01,5.000000000000000000e-01,3.959999999999999964e+00,6.843400000000002592e+00
1.465999999999977632e+01,5.000000000000000000e-01,4.040000000000000036e+00,6.795400000000002549e+00
1.467999999999977589e+01,5.000000000000000000e-01,3.970000000000000195e+00,6.836500000000002686e+00
1.469999999999977547e+01,5.000000000000000000e-01,4.040000000000000036e+00,6.793600000000002304e+00
1.471999999999977504e+01,5.000000000000000000e-01,4.000000000000000000e+00,6.814000000000001833e+00
1.473999999999977462e+01,5.000000000000000000e-01,4.019999999999999574e+00,6.800200000000002021e+00
1.475999999999977419e+01,5.000000000000000000e-01,3.970000000000000195e+00,6.831100000000001948e+00
1.477999999999977376e+01,5.000000000000000000e-01,4.049999999999999822e+00,6.781300000000002548e+00
1.479999999999977334e+01,5.000000000000000000e-01,4.000000000000000000e+00,6.806800000000002626e+00
1.481999999999977291e+01,5.000000000000000000e-01,4.040000000000000036e+00,6.779200000000002113e+00
1.483999999999977248e+01,5.000000000000000000e-01,3.970000000000000195e+00,6.820300000000002250e+00
1.485999999999977206e+01,5.000000000000000000e-01,4.030000000000000249e+00,6.784300000000001774e+00
1.487999999999977163e+01,5.000000000000000000e-01,4.030000000000000249e+00,6.778900000000001924e+00
1.489999999999977121e+01,5.000000000000000000e-01,3.919999999999999929e+00,6.849400000000001931e+00
1.491999999999977078e+01,5.000000000000000000e-01,3.919999999999999929e+00,6.863800000000002122e+00
1.493999999999977035e+01,5.000000000000000000e-01,4.009999999999999787e+00,6.816100000000002268e+00
1.495999999999976993e+01,5.000000000000000000e-01,3.990000000000000213e+00,6.828100000000001835e+00
1.497999999999976950e+01,5.000000000000000000e-01,4.019999999999999574e+00,6.809200000000002362e+00
1.499999999999976907e+01,-5.000000000000000000e-01,3.990000000000000213e+00,6.136300000000002086e+00
1.501999999999976865e+01,-5.000000000000000000e-01,4.000000000000000000e+00,5.951200000000001822e+00
1.503999999999976822e+01,-5.000000000000000000e-01,3.979999999999999982e+00,5.785000000000001918e+00
1.505999999999976779e+01,-5.000000000000000000e-01,3.779999999999999805e+00,5.746600000000002595e+00
1.507999999999976737e+01,-5.000000000000000000e-01,3.600000000000000089e+00,5.730400000000002159e+00
1.509999999999976694e+01,-5.000000000000000000e-01,3.479999999999999982e+00,5.705200000000002269e+00
1.511999999999976652e+01,-5.000000000000000000e-01,3.390000000000000124e+00,5.680900000000002947e+00
1.513999999999976609e+01,-5.000000000000000000e-01,3.339999999999999858e+00,5.645200000000002660e+00
1.515999999999976566e+01,-5.000000000000000000e-01,3.229999999999999982e+00,5.659900000000003040e+00
1.517999999999976524e+01,-5.000000000000000000e-01,3.149999999999999911e+00,5.673700000000002852e+00
1.519999999999976481e+01,-5.000000000000000000e-01,3.120000000000000107e+00,5.667400000000002436e+00
1.521999999999976438e+01,-5.000000000000000000e-01,3.049999999999999822e+00,5.694100000000002382e+00
1.523999999999976396e+01,-5.000000000000000000e-01,2.970000000000000195e+00,5.740300000000002179e+00
1.525999999999976353e+01,-5.000000000000000000e-01,3.040000000000000036e+00,5.697400000000002684e+00
1.527999999999976311e+01,-5.000000000000000000e-01,2.959999999999999964e+00,5.745400000000002727e+00
1.529999999999976268e+01,-5.000000000000000000e-01,2.959999999999999964e+00,5.752600000000002822e+00
1.531999999999976225e+01,-5.000000000000000000e-01,2.939999999999999947e+00,5.773600000000002730e+00
1.533999999999976183e+01,-5.000000000000000000e-01,2.990000000000000213e+00,5.749900000000002898e+00
1.535999999999976140e+01,-5.000000000000000000e-01,2.990000000000000213e+00,5.751700000000002255e+00
1.537999999999976097e+01,-5.000000000000000000e-01,2.950000000000000178e+00,5.781100000000002126e+00
1.539999999999976055e+01,-5.000000000000000000e-01,2.959999999999999964e+00,5.783200000000002561e+00
1.541999999999976012e+01,-5.000000000000000000e-01,3.000000000000000000e+00,5.762800000000003031e+00
1.543999999999975969e+01,-5.000000000000000000e-01,2.939999999999999947e+00,5.804200000000002468e+00
1.545999999999975927e+01,-5.000000000000000000e-01,2.890000000000000124e+00,5.849500000000002586e+00
1.547999999999975884e+01,-5.000000000000000000e-01,2.979999999999999982e+00,5.807200000000002582e+00
1.549999999999975842e+01,-5.000000000000000000e-01,2.990000000000000213e+00,5.803900000000002279e+00
1.551999999999975799e+01,-5.000000000000000000e-01,2.939999999999999947e+00,5.840200000000002944e+00
1.553999999999975756e+01,-5.000000000000000000e-01,3.049999999999999822e+00,5.775100000000002787e+00
1.555999999999975714e+01,-5.000000000000000000e-01,2.979999999999999982e+00,5.814400000000002677e+00
1.557999999999975671e+01,-5.000000000000000000e-01,3.029999999999999805e+00,5.783500000000002750e+00
1.559999999999975628e+01,-5.000000000000000000e-01,2.979999999999999982e+00,5.812600000000003320e+00
1.561999999999975586e+01,-5.000000000000000000e-01,3.009999999999999787e+00,5.795500000000003205e+00
1.563999999999975543e+01,-5.000000000000000000e-01,3.020000000000000018e+00,5.786800000000003052e+00
1.565999999999975500e+01,-5.000000000000000000e-01,2.979999999999999982e+00,5.810800000000003074e+00
1.567999999999975458e+01,-5.000000000000000000e-01,3.000000000000000000e+00,5.800600000000002865e+00
1.569999999999975415e+01,-5.000000000000000000e-01,2.970000000000000195e+00,5.821300000000002584e+00
1.571999999999975373e+01,-5.000000000000000000e-01,3.040000000000000036e+00,5.778400000000003089e+00
1.573999999999975330e+01,-5.000000000000000000e-01,2.970000000000000195e+00,5.819500000000002338e+00
1.575999999999975287e+01,-5.000000000000000000e-01,2.979999999999999982e+00,5.818000000000003169e+00
1.577999999999975245e+01,-5.000000000000000000e-01,3.040000000000000036e+00,5.780200000000002447e+00
1.579999999999975202e+01,-5.000000000000000000e-01,3.029999999999999805e+00,5.779900000000003146e+00
1.581999999999975159e+01,-5.000000000000000000e-01,2.959999999999999964e+00,5.822800000000002640e+00
1.583999999999975117e+01,-5.000000000000000000e-01,3.029999999999999805e+00,5.781700000000002504e+00
1.585999999999975074e+01,-5.000000000000000000e-01,3.009999999999999787e+00,5.790100000000002467e+00
1.587999999999975032e+01,-5.000000000000000000e-01,2.979999999999999982e+00,5.809000000000002828e+00
1.589999999999974989e+01,-5.000000000000000000e-01,3.000000000000000000e+00,5.798800000000002619e+00
1.591999999999974946e+01,-5.000000000000000000e-01,3.020000000000000018e+00,5.785000000000002807e+00
1.593999999999974904e+01,-5.000000000000000000e-01,2.959999999999999964e+00,5.822800000000002640e+00
1.595999999999974861e+01,-5.000000000000000000e-01,3.040000000000000036e+00,5.774800000000002598e+00
1.597999999999974818e+01,-5.000000000000000000e-01,3.049999999999999822e+00,5.760700000000002596e+00
